{"desktopweb":{"platform":"desktopweb","indexjl":"js","appName":"RecipientsWebApp","buildWar":"false","librarymode":"css","devicemessage":"Unknown Error Occurred <br/> Contact System Admin","deviceexception":"This device is currently not supported","webmanifest":"webmanifest","themecolor":"#FF0000","appleicon":"voltmx_48.png","enableProgressiveWeb":"true","importjsfiles":[],"javascripterrormsg":"To use this site, first enable your browser's JavaScript support and then refresh this page.","version":"1.0.2","category":"desktopweb/","bgcolor":"#ffffff","cssLazyLoad":true,"customFontsList":["FontAwesome"],"customFontsUrlList":["url('desktopweb/FontAwesome.ttf'), url('desktopweb/FontAwesome.eot')"],"fontsObj":{"FontAwesome":"url('desktopweb/FontAwesome.ttf'), url('desktopweb/FontAwesome.eot')"},"style":"width: 100%; margin: 0px; padding: 0px;","bodyalign":"left","bodyAttrs":"style = \"width: 100%; margin: 0px; padding: 0px;\" bodyalign = \"left\"aria-busy=\"true\" aria-live=\"polite\" aria-relevant=\"additions\" aria-atomic=\"false\"","enablexfsdw":false,"enablexfs":"false","isDebug":"true","csslist":[],"jslist":[],"enableViewportZooming":false,"webcsslist":[],"webjslist":[],"webheadertags":[],"htmlAttrs":"","ieMetaTag":"<meta http-equiv=\"X-UA-Compatble\" content=\"IE=edge\">","headPageFileName":"350777632/desktopweb/head.html","bodyPageFileName":"350777632/desktopweb/body.html","baseTag":"<base href= \"/apps/RecipientsWebApp/350777632/\" target = \"_blank\"/>","baseLocalTag":"<base href= \"./\" target = \"_blank\"/>"},"indexPage":{"headPageFileName":"350777632/desktopweb/head.html","bodyPageFileName":"350777632/desktopweb/body.html","baseTag":"<base href= \"/apps/RecipientsWebApp/350777632/\" target = \"_blank\"/>","ieMetaTag":"<meta http-equiv=\"X-UA-Compatble\" content=\"IE=edge\">","htmlAttrs":"","bodyAttrs":"style = \"width: 100%; margin: 0px; padding: 0px;\" bodyalign = \"left\"aria-busy=\"true\" aria-live=\"polite\" aria-relevant=\"additions\" aria-atomic=\"false\""},"appconfig":{"buildoption":"release","applocales":"","spa":"desktopweb","appid":"RecipientsWebApp","devicedblookup":"false","smsecure":"","cacheId":"350777632","cacheUrl":"RecipientsWebApp/350777632"}}